11;StringMatcher;TERMINAL;assign
15;FirstOfMatcher;COMPOSITE;firstOf
17;SequenceMatcher;COMPOSITE;charTerminal
1;BoundedDownRepeatMatcher;COMPOSITE;repeat
9;CharMatcher;TERMINAL;'>'
8;AnyOfMatcher;TERMINAL;![\n\r>]
4;SequenceMatcher;COMPOSITE;bnfRule
19;FirstOfMatcher;COMPOSITE;firstOf
33;CharMatcher;TERMINAL;'|'
24;SequenceMatcher;COMPOSITE;nonTerminal
12;BoundedDownRepeatMatcher;COMPOSITE;repeat
0;SequenceMatcher;COMPOSITE;grammar
6;CharMatcher;TERMINAL;'<'
21;BoundedDownRepeatMatcher;COMPOSITE;repeat
22;SequenceMatcher;COMPOSITE;stringTerminal
27;OptionalMatcher;COMPOSITE;optional
38;EndOfInputMatcher;TERMINAL;EOF
14;BoundedDownJoinMatcher;COMPOSITE;bnfRuleSequence
35;SequenceMatcher;COMPOSITE;betweenRules
10;BoundedDownRepeatMatcher;COMPOSITE;repeat
18;CharMatcher;TERMINAL;'''
31;CharMatcher;TERMINAL;cr
34;BoundedDownRepeatMatcher;COMPOSITE;repeat
7;BoundedDownRepeatMatcher;COMPOSITE;repeat
16;FirstOfMatcher;COMPOSITE;terminal
36;BoundedDownRepeatMatcher;COMPOSITE;repeat
32;CharMatcher;TERMINAL;lf
30;OptionalMatcher;COMPOSITE;optional
37;OptionalMatcher;COMPOSITE;afterGrammar
29;SequenceMatcher;COMPOSITE;nl
25;SequenceMatcher;COMPOSITE;sequence
3;BoundedDownJoinMatcher;COMPOSITE;join
2;AnyOfMatcher;TERMINAL;wsp
5;SequenceMatcher;COMPOSITE;ruleName
20;AnyOfMatcher;TERMINAL;nonQuotedTerminalChar
28;SequenceMatcher;COMPOSITE;sequence
13;BoundedDownJoinMatcher;COMPOSITE;ruleDefinition
26;BoundedDownRepeatMatcher;COMPOSITE;repeat
23;CharMatcher;TERMINAL;'"'
